{"cameraMode":{"drawMode":0,"name":"Shaded","section":"Shading Mode"},"sceneLighting":false,"audioPlay":false,"sceneViewState":{"showFog":true,"showMaterialUpdate":false,"showSkybox":true,"showFlares":true,"showImageEffects":true,"showParticleSystems":true},"in2DMode":false,"pivot":{"x":3.655374526977539,"y":82.81062316894531,"z":95.16142272949219},"rotation":{"x":0.18358084559440614,"y":-0.33774980902671816,"z":0.06734488904476166,"w":0.9206997156143189},"size":21.57610511779785,"orthographic":false}