{"cameraMode":{"drawMode":0,"name":"Shaded","section":"Shading Mode"},"sceneLighting":false,"audioPlay":false,"sceneViewState":{"showFog":true,"showMaterialUpdate":false,"showSkybox":true,"showFlares":true,"showImageEffects":true,"showParticleSystems":true},"in2DMode":false,"pivot":{"x":-142.0887451171875,"y":3.128279209136963,"z":140.2646026611328},"rotation":{"x":-0.021555611863732339,"y":-0.9749177098274231,"z":0.192869633436203,"w":-0.10895954817533493},"size":17.98592758178711,"orthographic":false}