{"cameraMode":{"drawMode":0,"name":"Shaded","section":"Shading Mode"},"sceneLighting":false,"audioPlay":false,"sceneViewState":{"showFog":true,"showMaterialUpdate":false,"showSkybox":true,"showFlares":true,"showImageEffects":true,"showParticleSystems":true},"in2DMode":false,"pivot":{"x":148.29771423339845,"y":1.638190746307373,"z":143.02178955078126},"rotation":{"x":-0.272073894739151,"y":-0.2627556025981903,"z":0.07749831676483154,"w":-0.9224583506584168},"size":14.480828285217286,"orthographic":false}