{"cameraMode":{"drawMode":0,"name":"Shaded","section":"Shading Mode"},"sceneLighting":false,"audioPlay":false,"sceneViewState":{"showFog":true,"showMaterialUpdate":false,"showSkybox":true,"showFlares":true,"showImageEffects":true,"showParticleSystems":true},"in2DMode":false,"pivot":{"x":1000.7000122070313,"y":553.800048828125,"z":0.0},"rotation":{"x":0.1161491647362709,"y":0.00862183142453432,"z":-0.0010090208379551769,"w":0.9931938648223877},"size":58.336238861083987,"orthographic":false}