{"cameraMode":{"drawMode":0,"name":"Shaded","section":"Shading Mode"},"sceneLighting":false,"audioPlay":false,"sceneViewState":{"showFog":true,"showMaterialUpdate":false,"showSkybox":true,"showFlares":true,"showImageEffects":true,"showParticleSystems":true},"in2DMode":false,"pivot":{"x":149.99771118164063,"y":1.638190507888794,"z":153.12179565429688},"rotation":{"x":-0.003652566811069846,"y":0.9888625741004944,"z":-0.14673708379268647,"w":-0.024612242355942727},"size":14.480796813964844,"orthographic":false}