{"cameraMode":{"drawMode":0,"name":"Shaded","section":"Shading Mode"},"sceneLighting":false,"audioPlay":false,"sceneViewState":{"showFog":true,"showMaterialUpdate":false,"showSkybox":true,"showFlares":true,"showImageEffects":true,"showParticleSystems":true},"in2DMode":false,"pivot":{"x":0.007416248321533203,"y":0.5513534545898438,"z":1.5548791885375977},"rotation":{"x":0.1557062268257141,"y":-0.820925235748291,"z":0.48078450560569765,"w":0.2658640146255493},"size":2.4431231021881105,"orthographic":false}