{"cameraMode":{"drawMode":0,"name":"Shaded","section":"Shading Mode"},"sceneLighting":false,"audioPlay":false,"sceneViewState":{"showFog":true,"showMaterialUpdate":false,"showSkybox":true,"showFlares":true,"showImageEffects":true,"showParticleSystems":true},"in2DMode":false,"pivot":{"x":149.99771118164063,"y":1.638190507888794,"z":153.12179565429688},"rotation":{"x":-0.03841846436262131,"y":-0.9339771866798401,"z":0.33914074301719668,"w":-0.10580272972583771},"size":14.480796813964844,"orthographic":false}