{"cameraMode":{"drawMode":0,"name":"Shaded","section":"Shading Mode"},"sceneLighting":false,"audioPlay":false,"sceneViewState":{"showFog":true,"showMaterialUpdate":false,"showSkybox":true,"showFlares":true,"showImageEffects":true,"showParticleSystems":true},"in2DMode":false,"pivot":{"x":-66.8520736694336,"y":98.2533187866211,"z":250.40565490722657},"rotation":{"x":0.1557062268257141,"y":-0.820925235748291,"z":0.48078450560569765,"w":0.2658640146255493},"size":44.33662033081055,"orthographic":false}