{"cameraMode":{"drawMode":0,"name":"Shaded","section":"Shading Mode"},"sceneLighting":false,"audioPlay":false,"sceneViewState":{"showFog":true,"showMaterialUpdate":false,"showSkybox":true,"showFlares":true,"showImageEffects":true,"showParticleSystems":true},"in2DMode":false,"pivot":{"x":27.729999542236329,"y":0.2685542106628418,"z":0.0},"rotation":{"x":-0.29783007502555849,"y":0.17483706772327424,"z":-0.05558319389820099,"w":-0.9368243217468262},"size":25.237258911132814,"orthographic":false}