{"cameraMode":{"drawMode":0,"name":"Shaded","section":"Shading Mode"},"sceneLighting":false,"audioPlay":false,"sceneViewState":{"showFog":true,"showMaterialUpdate":false,"showSkybox":true,"showFlares":true,"showImageEffects":true,"showParticleSystems":true},"in2DMode":false,"pivot":{"x":-0.013632863759994507,"y":1.0238267183303834,"z":-1.9484283924102784},"rotation":{"x":-0.272073894739151,"y":-0.2627556025981903,"z":0.07749831676483154,"w":-0.9224583506584168},"size":2.5813791751861574,"orthographic":false}