{"cameraMode":{"drawMode":0,"name":"Shaded","section":"Shading Mode"},"sceneLighting":false,"audioPlay":false,"sceneViewState":{"showFog":true,"showMaterialUpdate":false,"showSkybox":true,"showFlares":true,"showImageEffects":true,"showParticleSystems":true},"in2DMode":false,"pivot":{"x":-0.1147451400756836,"y":3.333763599395752,"z":0.1147451400756836},"rotation":{"x":-0.32689303159713747,"y":0.24418248236179353,"z":-0.08783791959285736,"w":-0.9087356328964233},"size":7.900699615478516,"orthographic":false}