{"cameraMode":{"drawMode":0,"name":"Shaded","section":"Shading Mode"},"sceneLighting":false,"audioPlay":false,"sceneViewState":{"showFog":true,"showMaterialUpdate":false,"showSkybox":true,"showFlares":true,"showImageEffects":true,"showParticleSystems":true},"in2DMode":false,"pivot":{"x":34.388240814208987,"y":9.93017864227295,"z":-2.6714630126953127},"rotation":{"x":-0.20216967165470124,"y":0.2438524067401886,"z":-0.05205424875020981,"w":-0.9470764994621277},"size":29.91855239868164,"orthographic":false}