{"cameraMode":{"drawMode":0,"name":"Shaded","section":"Shading Mode"},"sceneLighting":false,"audioPlay":false,"sceneViewState":{"showFog":true,"showMaterialUpdate":false,"showSkybox":true,"showFlares":true,"showImageEffects":true,"showParticleSystems":true},"in2DMode":false,"pivot":{"x":-2.890000104904175,"y":0.5400000214576721,"z":-5.929999828338623},"rotation":{"x":-0.00032922063837759197,"y":-0.9620673656463623,"z":0.27280962467193606,"w":-0.001161963096819818},"size":2.1841092109680177,"orthographic":false}