{"cameraMode":{"drawMode":0,"name":"Shaded","section":"Shading Mode"},"sceneLighting":false,"audioPlay":false,"sceneViewState":{"showFog":true,"showMaterialUpdate":false,"showSkybox":true,"showFlares":true,"showImageEffects":true,"showParticleSystems":true},"in2DMode":false,"pivot":{"x":149.99771118164063,"y":1.638190507888794,"z":162.12179565429688},"rotation":{"x":-0.37335535883903506,"y":-0.5224791765213013,"z":0.27221566438674929,"w":-0.71660315990448},"size":14.480796813964844,"orthographic":false}