{"cameraMode":{"drawMode":0,"name":"Shaded","section":"Shading Mode"},"sceneLighting":false,"audioPlay":false,"sceneViewState":{"showFog":true,"showMaterialUpdate":false,"showSkybox":true,"showFlares":true,"showImageEffects":true,"showParticleSystems":true},"in2DMode":false,"pivot":{"x":96.4384536743164,"y":60.66298294067383,"z":-150.5944061279297},"rotation":{"x":0.29783007502555849,"y":-0.17483708262443543,"z":0.05558319762349129,"w":0.9368243217468262},"size":64.97674560546875,"orthographic":false}