{"cameraMode":{"drawMode":0,"name":"Shaded","section":"Shading Mode"},"sceneLighting":false,"audioPlay":false,"sceneViewState":{"showFog":true,"showMaterialUpdate":false,"showSkybox":true,"showFlares":true,"showImageEffects":true,"showParticleSystems":true},"in2DMode":false,"pivot":{"x":20.46076774597168,"y":2.404512643814087,"z":1.6587473154067994},"rotation":{"x":-0.29783007502555849,"y":0.17483706772327424,"z":-0.05558319389820099,"w":-0.9368243217468262},"size":21.143939971923829,"orthographic":false}